<?xml version="1.0" encoding="UTF-8"?>
<launch4jConfig>
  <dontWrapJar>false</dontWrapJar>
  <headerType>gui</headerType>
  <jar>C:\Users\Propietario\Desktop\Advance-Strategy\target\AdvanceStrategy-1.0-SNAPSHOT-jar-with-dependencies.jar</jar>
  <outfile>C:\Users\Propietario\Desktop\Advance-Strategy\Advance Strategy.exe</outfile>
  <errTitle></errTitle>
  <cmdLine></cmdLine>
  <chdir>.</chdir>
  <priority>normal</priority>
  <downloadUrl></downloadUrl>
  <supportUrl></supportUrl>
  <stayAlive>false</stayAlive>
  <restartOnCrash>false</restartOnCrash>
  <manifest></manifest>
  <icon>C:\Users\Propietario\Desktop\Advance-Strategy\assets\screen\icon.ico</icon>
  <jre>
    <path>JRE</path>
    <requiresJdk>false</requiresJdk>
    <requires64Bit>false</requires64Bit>
    <minVersion></minVersion>
    <maxVersion></maxVersion>
  </jre>
</launch4jConfig>